Date,Exercise,Category,Weight (kgs),Reps,Distance,Distance Unit,Time,Comment
2015-02-13,Deadlift,Back,145.0,3,,,,""
2015-02-13,Lat Pulldown,Back,50.0,8,,,,""
2015-02-13,Lat Pulldown,Back,50.0,8,,,,""
2015-02-13,Lat Pulldown,Back,50.0,10,,,,""
2015-02-13,Hammer Grip Lat Pulldown,Back,50.0,8,,,,""
2015-02-13,Hammer Grip Lat Pulldown,Back,50.0,8,,,,""
2015-02-13,Hammer Grip Lat Pulldown,Back,50.0,8,,,,""
2015-02-13,Chest Supported Row Close Grip,Back,60.0,8,,,,""
2015-02-13,Chest Supported Row Close Grip,Back,50.0,10,,,,""
2015-02-13,Chest Supported Row Close Grip,Back,50.0,10,,,,""
2015-02-13,Chest Supported Row Wide Grip,Back,50.0,10,,,,""
2015-02-13,Chest Supported Row Wide Grip,Back,50.0,10,,,,""
2015-02-13,Chest Supported Row Wide Grip,Back,50.0,10,,,,""
2015-02-13,Wide Grip Cable Row,Back,30.0,12,,,,""
2015-02-13,Wide Grip Cable Row,Back,30.0,12,,,,""
2015-02-13,Wide Grip Cable Row,Back,30.0,12,,,,""
2015-02-13,Cable Face Pull,Shoulders,12.5,12,,,,""
2015-02-13,Cable Face Pull,Shoulders,12.5,12,,,,""
2015-02-13,Cable Face Pull,Shoulders,12.5,12,,,,""
2015-02-13,Rope Push Down,Triceps,15.0,12,,,,""
2015-02-13,Rope Push Down,Triceps,15.0,12,,,,""
2015-02-13,Rope Push Down,Triceps,15.0,12,,,,""
2015-02-13,Lying Dumbell Skull Crusher,Triceps,8.0,10,,,,""
2015-02-13,Lying Dumbell Skull Crusher,Triceps,8.0,10,,,,""
2015-02-13,Lying Dumbell Skull Crusher,Triceps,8.0,10,,,,""
2015-02-13,Reverse Grip Straight Bar Pushdown,Triceps,17.5,8,,,,""
2015-02-13,Reverse Grip Straight Bar Pushdown,Triceps,17.5,10,,,,""
2015-02-13,Reverse Grip Straight Bar Pushdown,Triceps,17.5,10,,,,""
2015-02-16,Flat Barbell Bench Press,Chest,75.0,4,,,,""
2015-02-16,Flat Barbell Bench Press,Chest,75.0,2,,,,""
2015-02-16,Incline Barbell Bench Press,Chest,42.5,10,,,,""
2015-02-16,Incline Barbell Bench Press,Chest,42.5,10,,,,""
2015-02-16,Flat Dumbbell Bench Press,Chest,14.0,12,,,,""
2015-02-16,Flat Dumbbell Bench Press,Chest,14.0,12,,,,""
2015-02-16,Flat Dumbbell Bench Press,Chest,14.0,12,,,,""
2015-02-16,Flat Dumbbell Fly,Chest,8.0,12,,,,""
2015-02-16,Flat Dumbbell Fly,Chest,8.0,12,,,,""
2015-02-16,Flat Dumbbell Fly,Chest,8.0,12,,,,""
2015-02-16,Pec Deck,Chest,30.0,12,,,,""
2015-02-16,Pec Deck,Chest,30.0,12,,,,""
2015-02-16,Pec Deck,Chest,30.0,12,,,,""
2015-02-16,Seated Dumbbell Press,Shoulders,20.0,5,,,,""
2015-02-16,Seated Dumbbell Press,Shoulders,20.0,5,,,,""
2015-02-16,Seated Dumbbell Press,Shoulders,20.0,5,,,,""
2015-02-16,Seated Military Press,Shoulders,37.5,8,,,,""
2015-02-16,Seated Military Press,Shoulders,37.5,6,,,,""
2015-02-16,Seated Military Press,Shoulders,37.5,7,,,,""
2015-02-16,Lateral Dumbbell Raise,Shoulders,6.0,10,,,,""
2015-02-16,Lateral Dumbbell Raise,Shoulders,6.0,10,,,,""
2015-02-16,Lateral Dumbbell Raise,Shoulders,6.0,10,,,,""
2015-02-16,Rear Delt Dumbbell Raise,Shoulders,6.0,10,,,,""
2015-02-16,Rear Delt Dumbbell Raise,Shoulders,6.0,10,,,,""
2015-02-16,Rear Delt Dumbbell Raise,Shoulders,6.0,10,,,,""
2015-02-16,Dumbbell Curl,Biceps,10.0,10,,,,""
2015-02-16,Dumbbell Curl,Biceps,10.0,10,,,,""
2015-02-16,Dumbbell Curl,Biceps,10.0,8,,,,""
2015-02-16,Seated Machine Curl,Biceps,15.0,10,,,,""
2015-02-16,Seated Machine Curl,Biceps,15.0,10,,,,""
2015-02-16,Seated Machine Curl,Biceps,15.0,10,,,,""
2015-02-16,Hammer Rope Curls,Biceps,10.0,12,,,,""
2015-02-16,Hammer Rope Curls,Biceps,10.0,12,,,,""
2015-02-16,Hammer Rope Curls,Biceps,10.0,12,,,,""
2015-02-23,Flat Barbell Bench Press,Chest,75.0,5,,,,""
2015-02-23,Flat Barbell Bench Press,Chest,60.0,8,,,,""
2015-02-23,Incline Barbell Bench Press,Chest,42.5,12,,,,""
2015-02-23,Incline Barbell Bench Press,Chest,42.5,10,,,,""
2015-02-23,Incline Barbell Bench Press,Chest,42.5,8,,,,""
2015-02-23,Flat Barbell Bench Press,Chest,40.0,10,,,,""
2015-02-23,Flat Barbell Bench Press,Chest,30.0,14,,,,""
2015-02-23,Flat Barbell Bench Press,Chest,20.0,16,,,,""
2015-02-23,Flat Dumbbell Fly,Chest,8.0,12,,,,""
2015-02-23,Flat Dumbbell Fly,Chest,8.0,12,,,,""
2015-02-23,Flat Dumbbell Fly,Chest,8.0,12,,,,""
2015-02-23,Seated Dumbbell Press,Shoulders,20.0,6,,,,""
2015-02-23,Seated Military Press,Shoulders,37.5,10,,,,""
2015-02-23,Seated Military Press,Shoulders,37.5,8,,,,""
2015-02-23,Seated Military Press,Shoulders,37.5,6,,,,""
2015-02-23,Lateral Dumbbell Raise,Shoulders,6.0,12,,,,""
2015-02-23,Lateral Dumbbell Raise,Shoulders,6.0,12,,,,""
2015-02-23,Lateral Dumbbell Raise,Shoulders,6.0,12,,,,""
2015-02-23,Rear Delt Dumbbell Raise,Shoulders,6.0,10,,,,""
2015-02-23,Rear Delt Dumbbell Raise,Shoulders,6.0,10,,,,""
2015-02-23,Rear Delt Dumbbell Raise,Shoulders,6.0,10,,,,""
2015-02-23,Dumbbell Curl,Biceps,10.0,10,,,,""
2015-02-23,Dumbbell Curl,Biceps,10.0,10,,,,""
2015-02-23,Dumbbell Curl,Biceps,10.0,5,,,,""
2015-02-23,Seated Machine Curl,Biceps,15.0,10,,,,""
2015-02-23,Seated Machine Curl,Biceps,15.0,10,,,,""
2015-02-23,Seated Machine Curl,Biceps,15.0,10,,,,""
2015-02-23,Hammer Rope Curls,Biceps,10.0,12,,,,""
2015-02-23,Hammer Rope Curls,Biceps,10.0,12,,,,""
2015-02-23,Hammer Rope Curls,Biceps,10.0,12,,,,""
2015-02-25,Barbell Squat,Legs,95.0,5,,,,""
2015-02-25,Barbell Front Squat,Legs,60.0,6,,,,""
2015-02-25,Barbell Front Squat,Legs,60.0,6,,,,""
2015-02-25,Barbell Front Squat,Legs,60.0,6,,,,""
2015-02-25,Leg Press,Legs,140.0,8,,,,""
2015-02-25,Leg Press,Legs,140.0,8,,,,""
2015-02-25,Leg Press,Legs,140.0,8,,,,""
2015-02-25,Leg Extension Machine,Legs,40.0,12,,,,""
2015-02-25,Romanian Deadlift,Legs,62.5,12,,,,""
2015-02-25,Romanian Deadlift,Legs,62.5,12,,,,""
2015-02-25,Romanian Deadlift,Legs,62.5,12,,,,""
2015-02-25,Seated Leg Curl Machine,Legs,40.0,10,,,,""
2015-02-25,Seated Leg Curl Machine,Legs,40.0,10,,,,""
2015-02-25,Seated Leg Curl Machine,Legs,40.0,10,,,,""
2015-02-25,Leg Extension Machine,Legs,40.0,12,,,,""
2015-02-25,Leg Extension Machine,Legs,40.0,12,,,,""
2015-02-27,Deadlift,Back,140.0,4,,,,""
2015-02-27,Hammer Grip Lat Pulldown,Back,55.0,9,,,,""
2015-02-27,Hammer Grip Lat Pulldown,Back,55.0,7,,,,""
2015-02-27,Hammer Grip Lat Pulldown,Back,55.0,6,,,,""
2015-02-27,Wide Grip Cable Row,Back,40.0,13,,,,""
2015-02-27,Wide Grip Cable Row,Back,40.0,7,,,,""
2015-02-27,Wide Grip Cable Row,Back,40.0,7,,,,""
2015-02-27,Lat Pulldown,Back,55.0,8,,,,""
2015-02-27,Lat Pulldown,Back,55.0,8,,,,""
2015-02-27,Lat Pulldown,Back,55.0,8,,,,""
2015-02-27,Cable Face Pull,Shoulders,12.5,15,,,,""
2015-02-27,Cable Face Pull,Shoulders,12.5,12,,,,""
2015-02-27,Cable Face Pull,Shoulders,12.5,12,,,,""
2015-02-27,Rope Push Down,Triceps,15.0,15,,,,""
2015-02-27,Rope Push Down,Triceps,15.0,12,,,,""
2015-02-27,Rope Push Down,Triceps,15.0,10,,,,""
2015-02-27,Lying Dumbell Skull Crusher,Triceps,8.0,10,,,,""
2015-02-27,Lying Dumbell Skull Crusher,Triceps,8.0,8,,,,""
2015-02-27,Lying Dumbell Skull Crusher,Triceps,8.0,8,,,,""
2015-02-27,Reverse Grip Straight Bar Pushdown,Triceps,17.5,12,,,,""
2015-02-27,Reverse Grip Straight Bar Pushdown,Triceps,17.5,12,,,,""
2015-02-27,Reverse Grip Straight Bar Pushdown,Triceps,17.5,10,,,,""
2015-03-02,Flat Dumbbell Bench Press,Chest,28.0,6,,,,""
2015-03-02,Incline Barbell Bench Press,Chest,42.5,12,,,,""
2015-03-02,Incline Barbell Bench Press,Chest,42.5,12,,,,""
2015-03-02,Incline Barbell Bench Press,Chest,42.5,12,,,,""
2015-03-02,Flat Barbell Bench Press,Chest,42.5,20,,,,""
2015-03-02,Flat Barbell Bench Press,Chest,22.5,12,,,,""
2015-03-02,Flat Dumbbell Fly,Chest,8.0,12,,,,""
2015-03-02,Flat Dumbbell Fly,Chest,8.0,16,,,,""
2015-03-02,Flat Dumbbell Fly,Chest,8.0,16,,,,""
2015-03-02,Seated Dumbbell Press,Shoulders,24.0,4,,,,""
2015-03-02,Seated Military Press,Shoulders,37.5,10,,,,""
2015-03-02,Seated Military Press,Shoulders,37.5,10,,,,""
2015-03-02,Seated Military Press,Shoulders,37.5,5,,,,""
2015-03-02,Lateral Dumbbell Raise,Shoulders,8.0,10,,,,""
2015-03-02,Lateral Dumbbell Raise,Shoulders,8.0,10,,,,""
2015-03-02,Lateral Dumbbell Raise,Shoulders,8.0,8,,,,""
2015-03-02,Rear Delt Dumbbell Raise,Shoulders,8.0,10,,,,""
2015-03-02,Rear Delt Dumbbell Raise,Shoulders,8.0,10,,,,""
2015-03-02,Dumbbell Curl,Biceps,10.0,10,,,,""
2015-03-02,Seated Machine Curl,Biceps,15.0,12,,,,""
2015-03-02,Seated Machine Curl,Biceps,15.0,12,,,,""
2015-03-02,Seated Machine Curl,Biceps,15.0,12,,,,""
2015-03-02,Hammer Rope Curls,Biceps,10.0,12,,,,""
2015-03-02,Hammer Rope Curls,Biceps,10.0,12,,,,""
2015-03-02,Hammer Rope Curls,Biceps,10.0,12,,,,""
2015-03-04,Barbell Squat,Legs,97.5,4,,,,""
2015-03-04,Barbell Front Squat,Legs,60.0,8,,,,""
2015-03-04,Barbell Front Squat,Legs,60.0,8,,,,""
2015-03-04,Barbell Front Squat,Legs,60.0,8,,,,""
2015-03-04,Leg Press,Legs,140.0,10,,,,""
2015-03-04,Leg Press,Legs,140.0,10,,,,""
2015-03-04,Leg Press,Legs,140.0,10,,,,""
2015-03-04,Leg Extension Machine,Legs,40.0,16,,,,""
2015-03-04,Leg Extension Machine,Legs,40.0,16,,,,""
2015-03-04,Leg Extension Machine,Legs,40.0,16,,,,""
2015-03-04,Romanian Deadlift,Legs,65.0,14,,,,""
2015-03-04,Romanian Deadlift,Legs,65.0,15,,,,""
2015-03-04,Romanian Deadlift,Legs,65.0,15,,,,""
2015-03-04,Seated Leg Curl Machine,Legs,40.0,12,,,,""
2015-03-04,Seated Leg Curl Machine,Legs,40.0,12,,,,""
2015-03-04,Seated Leg Curl Machine,Legs,40.0,12,,,,""
2015-03-06,Deadlift,Back,140.0,4,,,,""
2015-03-06,Seated Cable Row,Back,30.0,12,,,,""
2015-03-06,Seated Cable Row,Back,30.0,12,,,,""
2015-03-06,Seated Cable Row,Back,30.0,12,,,,""
2015-03-06,Hammer Grip Lat Pulldown,Back,60.0,8,,,,""
2015-03-06,Hammer Grip Lat Pulldown,Back,60.0,6,,,,""
2015-03-06,Hammer Grip Lat Pulldown,Back,60.0,4,,,,""
2015-03-06,Wide Grip Cable Row,Back,50.0,6,,,,""
2015-03-06,Wide Grip Cable Row,Back,50.0,5,,,,""
2015-03-06,Wide Grip Cable Row,Back,50.0,4,,,,""
2015-03-06,Rope Push Down,Triceps,17.5,10,,,,""
2015-03-06,Rope Push Down,Triceps,17.5,8,,,,""
2015-03-06,Rope Push Down,Triceps,15.0,10,,,,""
2015-03-06,Lying Dumbell Skull Crusher,Triceps,8.0,12,,,,""
2015-03-06,Lying Dumbell Skull Crusher,Triceps,8.0,12,,,,""
2015-03-06,Lying Dumbell Skull Crusher,Triceps,8.0,10,,,,""
2015-03-06,Reverse Grip Straight Bar Pushdown,Triceps,20.0,10,,,,""
2015-03-06,Reverse Grip Straight Bar Pushdown,Triceps,20.0,10,,,,""
2015-03-06,Reverse Grip Straight Bar Pushdown,Triceps,20.0,10,,,,""
2015-03-09,Flat Dumbbell Bench Press,Chest,30.0,4,,,,""
2015-03-09,Incline Barbell Bench Press,Chest,45.0,12,,,,""
2015-03-09,Incline Barbell Bench Press,Chest,45.0,12,,,,""
2015-03-09,Incline Barbell Bench Press,Chest,45.0,6,,,,""
2015-03-09,Flat Barbell Bench Press,Chest,45.0,17,,,,""
2015-03-09,Flat Dumbbell Fly,Chest,8.0,16,,,,""
2015-03-09,Flat Dumbbell Fly,Chest,8.0,16,,,,""
2015-03-09,Flat Dumbbell Fly,Chest,8.0,16,,,,""
2015-03-09,Seated Dumbbell Press,Shoulders,24.0,4,,,,""
2015-03-09,Seated Military Press,Shoulders,37.5,7,,,,""
2015-03-09,Seated Military Press,Shoulders,37.5,6,,,,""
2015-03-09,Seated Military Press,Shoulders,37.5,5,,,,""
2015-03-09,Lateral Dumbbell Raise,Shoulders,8.0,10,,,,""
2015-03-09,Lateral Dumbbell Raise,Shoulders,8.0,12,,,,""
2015-03-09,Lateral Dumbbell Raise,Shoulders,8.0,10,,,,""
2015-03-09,Rear Delt Dumbbell Raise,Shoulders,8.0,10,,,,""
2015-03-09,Rear Delt Dumbbell Raise,Shoulders,8.0,10,,,,""
2015-03-09,Rear Delt Dumbbell Raise,Shoulders,8.0,10,,,,""
2015-03-09,Dumbbell Curl,Biceps,10.0,10,,,,""
2015-03-09,Dumbbell Curl,Biceps,10.0,10,,,,""
2015-03-09,Dumbbell Curl,Biceps,10.0,7,,,,""
2015-03-09,Cable Curl,Biceps,12.5,8,,,,""
2015-03-09,Cable Curl,Biceps,12.5,8,,,,""
2015-03-09,Cable Curl,Biceps,12.5,8,,,,""
2015-03-09,Hammer Rope Curls,Biceps,10.0,10,,,,""
2015-03-09,Hammer Rope Curls,Biceps,10.0,10,,,,""
2015-03-09,Hammer Rope Curls,Biceps,10.0,10,,,,""
2015-03-11,Barbell Squat,Legs,97.5,6,,,,""
2015-03-11,Barbell Front Squat,Legs,62.5,5,,,,""
2015-03-11,Barbell Front Squat,Legs,62.5,5,,,,""
2015-03-11,Barbell Front Squat,Legs,62.5,5,,,,""
2015-03-11,Leg Press,Legs,140.0,12,,,,""
2015-03-11,Leg Press,Legs,140.0,12,,,,""
2015-03-11,Leg Press,Legs,140.0,12,,,,""
2015-03-11,Leg Extension Machine,Legs,45.0,12,,,,""
2015-03-11,Leg Extension Machine,Legs,45.0,12,,,,""
2015-03-11,Leg Extension Machine,Legs,45.0,12,,,,""
2015-03-11,Romanian Deadlift,Legs,67.5,12,,,,""
2015-03-11,Romanian Deadlift,Legs,67.5,12,,,,""
2015-03-11,Romanian Deadlift,Legs,67.5,12,,,,""
2015-03-11,Seated Leg Curl Machine,Legs,40.0,14,,,,""
2015-03-11,Seated Leg Curl Machine,Legs,40.0,14,,,,""
2015-03-11,Seated Leg Curl Machine,Legs,40.0,12,,,,""
2015-03-16,Flat Dumbbell Bench Press,Chest,32.0,2,,,,""
2015-03-16,Flat Dumbbell Bench Press,Chest,30.0,6,,,,""
2015-03-16,Incline Barbell Bench Press,Chest,47.5,10,,,,""
2015-03-16,Incline Barbell Bench Press,Chest,47.5,8,,,,""
2015-03-16,Incline Barbell Bench Press,Chest,47.5,8,,,,""
2015-03-16,Flat Barbell Bench Press,Chest,45.0,20,,,,""
2015-03-16,Flat Dumbbell Fly,Chest,10.0,16,,,,""
2015-03-16,Flat Dumbbell Fly,Chest,10.0,16,,,,""
2015-03-16,Seated Dumbbell Press,Shoulders,24.0,3,,,,""
2015-03-16,Seated Dumbbell Press,Shoulders,24.0,3,,,,""
2015-03-16,Seated Military Press,Shoulders,37.5,9,,,,""
2015-03-16,Seated Military Press,Shoulders,37.5,4,,,,""
2015-03-16,Seated Military Press,Shoulders,37.5,3,,,,""
2015-03-16,Lateral Dumbbell Raise,Shoulders,8.0,12,,,,""
2015-03-16,Lateral Dumbbell Raise,Shoulders,8.0,12,,,,""
2015-03-16,Lateral Dumbbell Raise,Shoulders,8.0,12,,,,""
2015-03-16,Rear Delt Dumbbell Raise,Shoulders,8.0,12,,,,""
2015-03-16,Rear Delt Dumbbell Raise,Shoulders,8.0,12,,,,""
2015-03-16,Rear Delt Dumbbell Raise,Shoulders,8.0,10,,,,""
2015-03-16,Dumbbell Curl,Biceps,10.0,14,,,,""
2015-03-16,Dumbbell Curl,Biceps,10.0,10,,,,""
2015-03-16,Dumbbell Curl,Biceps,10.0,8,,,,""
2015-03-16,Seated Machine Curl,Biceps,15.0,12,,,,""
2015-03-16,Seated Machine Curl,Biceps,15.0,12,,,,""
2015-03-16,Seated Machine Curl,Biceps,15.0,12,,,,""
2015-03-16,Hammer Rope Curls,Biceps,10.0,12,,,,""
2015-03-16,Hammer Rope Curls,Biceps,10.0,12,,,,""
2015-03-16,Hammer Rope Curls,Biceps,10.0,12,,,,""
2015-03-18,Barbell Squat,Legs,100.0,5,,,,""
2015-03-18,Barbell Front Squat,Legs,65.0,6,,,,""
2015-03-18,Barbell Front Squat,Legs,65.0,5,,,,""
2015-03-18,Barbell Front Squat,Legs,65.0,5,,,,""
2015-03-18,Leg Press,Legs,140.0,12,,,,""
2015-03-18,Leg Press,Legs,140.0,12,,,,""
2015-03-18,Leg Press,Legs,140.0,12,,,,""
2015-03-18,Leg Extension Machine,Legs,45.0,12,,,,""
2015-03-18,Leg Extension Machine,Legs,45.0,12,,,,""
2015-03-18,Leg Extension Machine,Legs,45.0,15,,,,""
2015-03-18,Romanian Deadlift,Legs,67.5,12,,,,""
2015-03-18,Romanian Deadlift,Legs,67.5,12,,,,""
2015-03-18,Romanian Deadlift,Legs,67.5,12,,,,""
2015-03-18,Seated Leg Curl Machine,Legs,40.0,16,,,,""
2015-03-18,Seated Leg Curl Machine,Legs,40.0,16,,,,""
2015-03-18,Seated Leg Curl Machine,Legs,40.0,16,,,,""
2015-03-23,Flat Dumbbell Bench Press,Chest,32.0,4,,,,""
2015-03-23,Incline Barbell Bench Press,Chest,47.5,12,,,,""
2015-03-23,Incline Barbell Bench Press,Chest,47.5,11,,,,""
2015-03-23,Incline Barbell Bench Press,Chest,47.5,8,,,,""
2015-03-23,Flat Barbell Bench Press,Chest,47.5,18,,,,""
2015-03-23,Flat Dumbbell Fly,Chest,12.0,8,,,,""
2015-03-23,Flat Dumbbell Fly,Chest,12.0,10,,,,""
2015-03-23,Flat Dumbbell Fly,Chest,12.0,8,,,,""
2015-03-23,Seated Dumbbell Press,Shoulders,24.0,1,,,,""
2015-03-23,Seated Military Press,Shoulders,37.5,10,,,,""
2015-03-23,Seated Military Press,Shoulders,37.5,6,,,,""
2015-03-23,Seated Military Press,Shoulders,37.5,6,,,,""
2015-03-23,Lateral Dumbbell Raise,Shoulders,8.0,12,,,,""
2015-03-23,Lateral Dumbbell Raise,Shoulders,8.0,10,,,,""
2015-03-23,Lateral Dumbbell Raise,Shoulders,8.0,10,,,,""
2015-03-23,Dumbbell Curl,Biceps,10.0,14,,,,""
2015-03-23,Dumbbell Curl,Biceps,10.0,10,,,,""
2015-03-23,Seated Machine Curl,Biceps,15.0,12,,,,""
2015-03-23,Seated Machine Curl,Biceps,15.0,12,,,,""
2015-03-23,Cable Curl,Biceps,10.0,12,,,,""
2015-03-23,Cable Curl,Biceps,10.0,12,,,,""
2015-03-23,Cable Curl,Biceps,10.0,12,,,,""
2015-03-25,Barbell Squat,Legs,100.0,2,,,,"Failed rep 3, knee ouch,  fell forward"
2015-03-25,Barbell Front Squat,Legs,65.0,6,,,,""
2015-03-25,Barbell Front Squat,Legs,65.0,6,,,,""
2015-03-25,Barbell Front Squat,Legs,65.0,6,,,,""
2015-03-25,Leg Press,Legs,100.0,16,,,,""
2015-03-25,Seated Leg Curl Machine,Legs,45.0,10,,,,""
2015-03-25,Seated Leg Curl Machine,Legs,45.0,10,,,,""
2015-03-27,Deadlift,Back,140.0,4,,,,""
2015-03-27,Hammer Grip Lat Pulldown,Back,65.0,7,,,,""
2015-03-27,Hammer Grip Lat Pulldown,Back,65.0,5,,,,""
2015-03-27,Hammer Grip Lat Pulldown,Back,65.0,4,,,,""
2015-03-27,Wide Grip Cable Row,Back,50.0,9,,,,""
2015-03-27,Wide Grip Cable Row,Back,50.0,5,,,,""
2015-03-27,Wide Grip Cable Row,Back,50.0,3,,,,""
2015-03-27,Lat Pulldown,Back,55.0,8,,,,""
2015-03-27,Lat Pulldown,Back,55.0,10,,,,""
2015-03-27,Lat Pulldown,Back,55.0,8,,,,""
2015-03-27,Rope Push Down,Triceps,15.0,16,,,,""
2015-03-27,Rope Push Down,Triceps,15.0,15,,,,""
2015-03-27,Rope Push Down,Triceps,15.0,13,,,,""
2015-03-27,Lying Dumbell Skull Crusher,Triceps,8.0,12,,,,""
2015-03-27,Lying Dumbell Skull Crusher,Triceps,8.0,12,,,,""
2015-03-27,Lying Dumbell Skull Crusher,Triceps,8.0,12,,,,""
2015-03-27,Reverse Grip Straight Bar Pushdown,Triceps,20.0,12,,,,""
2015-03-27,Reverse Grip Straight Bar Pushdown,Triceps,20.0,10,,,,""
2015-03-27,Reverse Grip Straight Bar Pushdown,Triceps,20.0,12,,,,""
2015-04-08,Barbell Squat,Legs,85.0,5,,,,""
2015-04-08,Barbell Front Squat,Legs,65.0,6,,,,""
2015-04-08,Barbell Front Squat,Legs,65.0,6,,,,""
2015-04-08,Barbell Front Squat,Legs,65.0,6,,,,""
2015-04-08,Leg Press,Legs,120.0,8,,,,""
2015-04-08,Leg Press,Legs,120.0,8,,,,""
2015-04-08,Leg Press,Legs,120.0,8,,,,""
2015-04-08,Leg Extension Machine,Legs,45.0,10,,,,""
2015-04-08,Leg Extension Machine,Legs,45.0,10,,,,""
2015-04-08,Leg Extension Machine,Legs,45.0,10,,,,""
2015-04-08,Romanian Deadlift,Legs,52.5,12,,,,""
2015-04-08,Romanian Deadlift,Legs,52.5,16,,,,""
2015-04-08,Romanian Deadlift,Legs,52.5,12,,,,""
2015-04-08,Seated Leg Curl Machine,Legs,40.0,12,,,,""
2015-04-08,Seated Leg Curl Machine,Legs,40.0,12,,,,""
2015-04-10,Deadlift,Back,140.0,2,,,,""
2015-04-10,Deadlift,Back,140.0,1,,,,""
2015-04-10,Deadlift,Back,140.0,1,,,,""
2015-04-10,Hammer Grip Lat Pulldown,Back,65.0,9,,,,""
2015-04-10,Hammer Grip Lat Pulldown,Back,65.0,6,,,,""
2015-04-10,Hammer Grip Lat Pulldown,Back,65.0,4,,,,""
2015-04-10,Wide Grip Cable Row,Back,50.0,10,,,,""
2015-04-10,Wide Grip Cable Row,Back,50.0,6,,,,""
2015-04-10,Wide Grip Cable Row,Back,50.0,5,,,,""
2015-04-10,Lat Pulldown,Back,55.0,8,,,,""
2015-04-10,Lat Pulldown,Back,55.0,8,,,,""
2015-04-10,Lat Pulldown,Back,55.0,6,,,,""
2015-04-10,Cable Face Pull,Shoulders,12.5,16,,,,""
2015-04-10,Cable Face Pull,Shoulders,12.5,16,,,,""
2015-04-10,Cable Face Pull,Shoulders,12.5,16,,,,""
2015-04-10,Rope Push Down,Triceps,17.5,12,,,,""
2015-04-10,Rope Push Down,Triceps,17.5,10,,,,""
2015-04-10,Rope Push Down,Triceps,17.5,6,,,,""
2015-04-10,Lying Dumbell Skull Crusher,Triceps,8.0,12,,,,""
2015-04-10,Lying Dumbell Skull Crusher,Triceps,8.0,12,,,,""
2015-04-10,Lying Dumbell Skull Crusher,Triceps,8.0,12,,,,""
2015-04-10,Reverse Grip Straight Bar Pushdown,Triceps,20.0,12,,,,""
2015-04-10,Reverse Grip Straight Bar Pushdown,Triceps,20.0,12,,,,""
2015-04-13,Flat Dumbbell Bench Press,Chest,32.0,4,,,,""
2015-04-13,Incline Barbell Bench Press,Chest,47.5,10,,,,""
2015-04-13,Incline Barbell Bench Press,Chest,47.5,8,,,,""
2015-04-13,Incline Barbell Bench Press,Chest,47.5,10,,,,""
2015-04-13,Flat Barbell Bench Press,Chest,47.5,15,,,,""
2015-04-13,Flat Dumbbell Fly,Chest,12.0,10,,,,""
2015-04-13,Flat Dumbbell Fly,Chest,12.0,10,,,,""
2015-04-13,Flat Dumbbell Fly,Chest,12.0,10,,,,""
2015-04-13,Seated Dumbbell Press,Shoulders,24.0,4,,,,""
2015-04-13,Seated Military Press,Shoulders,37.5,10,,,,""
2015-04-13,Seated Military Press,Shoulders,37.5,7,,,,""
2015-04-13,Seated Military Press,Shoulders,37.5,7,,,,""
2015-04-13,Lateral Dumbbell Raise,Shoulders,8.0,8,,,,""
2015-04-13,Lateral Dumbbell Raise,Shoulders,8.0,8,,,,""
2015-04-13,Lateral Dumbbell Raise,Shoulders,8.0,8,,,,""
2015-04-13,EZ-Bar Preacher Curl,Biceps,2.5,12,,,,""
2015-04-13,EZ-Bar Preacher Curl,Biceps,2.5,12,,,,""
2015-04-13,EZ-Bar Preacher Curl,Biceps,2.5,12,,,,""
2015-04-13,Seated Machine Curl,Biceps,15.0,12,,,,""
2015-04-13,Seated Machine Curl,Biceps,15.0,12,,,,""
2015-04-13,Seated Machine Curl,Biceps,15.0,12,,,,""
2015-04-15,Barbell Squat,Legs,100.0,1,,,,""
2015-04-15,Barbell Squat,Legs,100.0,1,,,,""
2015-04-15,Barbell Front Squat,Legs,65.0,6,,,,""
2015-04-15,Barbell Front Squat,Legs,65.0,6,,,,""
2015-04-15,Barbell Front Squat,Legs,65.0,7,,,,""
2015-04-15,Leg Press,Legs,120.0,12,,,,""
2015-04-15,Leg Press,Legs,120.0,12,,,,""
2015-04-15,Leg Press,Legs,120.0,12,,,,""
2015-04-15,Romanian Deadlift,Legs,60.0,16,,,,""
2015-04-15,Romanian Deadlift,Legs,60.0,16,,,,""
2015-04-15,Romanian Deadlift,Legs,60.0,16,,,,""
2015-04-15,Seated Leg Curl Machine,Legs,40.0,15,,,,""
2015-04-15,Seated Leg Curl Machine,Legs,40.0,12,,,,""
2015-04-15,Seated Leg Curl Machine,Legs,40.0,12,,,,""
2015-04-17,Deadlift,Back,140.0,3,,,,""
2015-04-17,Deadlift,Back,140.0,1,,,,""
2015-04-17,Hammer Grip Lat Pulldown,Back,65.0,9,,,,""
2015-04-17,Hammer Grip Lat Pulldown,Back,65.0,6,,,,""
2015-04-17,Hammer Grip Lat Pulldown,Back,65.0,6,,,,""
2015-04-17,Wide Grip Cable Row,Back,55.0,7,,,,""
2015-04-17,Wide Grip Cable Row,Back,55.0,6,,,,""
2015-04-17,Wide Grip Cable Row,Back,55.0,5,,,,""
2015-04-17,Lat Pulldown,Back,60.0,6,,,,""
2015-04-17,Lat Pulldown,Back,55.0,8,,,,""
2015-04-17,Lat Pulldown,Back,55.0,8,,,,""
2015-04-17,Cable Face Pull,Shoulders,15.0,12,,,,""
2015-04-17,Cable Face Pull,Shoulders,15.0,12,,,,""
2015-04-17,Cable Face Pull,Shoulders,15.0,12,,,,""
2015-04-20,Flat Dumbbell Bench Press,Chest,32.0,5,,,,""
2015-04-20,Incline Barbell Bench Press,Chest,47.5,12,,,,""
2015-04-20,Incline Barbell Bench Press,Chest,47.5,8,,,,""
2015-04-20,Incline Barbell Bench Press,Chest,47.5,7,,,,""
2015-04-20,Flat Barbell Bench Press,Chest,47.5,15,,,,""
2015-04-20,Flat Dumbbell Fly,Chest,12.0,12,,,,""
2015-04-20,Flat Dumbbell Fly,Chest,12.0,10,,,,""
2015-04-20,Flat Dumbbell Fly,Chest,12.0,10,,,,""
2015-04-20,Seated Dumbbell Press,Shoulders,24.0,4,,,,""
2015-04-20,Seated Military Press,Shoulders,37.5,10,,,,""
2015-04-20,Seated Military Press,Shoulders,37.5,6,,,,""
2015-04-20,Seated Military Press,Shoulders,37.5,7,,,,""
2015-04-20,Lateral Dumbbell Raise,Shoulders,8.0,12,,,,""
2015-04-20,Lateral Dumbbell Raise,Shoulders,8.0,10,,,,""
2015-04-20,Lateral Dumbbell Raise,Shoulders,8.0,10,,,,""
2015-04-20,Dumbbell Curl,Biceps,14.0,10,,,,""
2015-04-20,Dumbbell Curl,Biceps,14.0,8,,,,""
2015-04-20,Dumbbell Curl,Biceps,14.0,4,,,,""
2015-04-20,Seated Machine Curl,Biceps,10.0,14,,,,""
2015-04-20,Seated Machine Curl,Biceps,10.0,10,,,,""
2015-04-20,Seated Machine Curl,Biceps,10.0,12,,,,""
2015-04-20,EZ-Bar Preacher Curl,Biceps,2.5,16,,,,""
2015-04-20,EZ-Bar Preacher Curl,Biceps,2.5,12,,,,""
2015-04-20,EZ-Bar Preacher Curl,Biceps,2.5,12,,,,""
2015-04-22,Barbell Squat,Legs,100.0,4,,,,""
2015-04-22,Barbell Front Squat,Legs,65.0,8,,,,""
2015-04-22,Barbell Front Squat,Legs,65.0,8,,,,""
2015-04-22,Barbell Front Squat,Legs,65.0,8,,,,""
2015-04-22,Leg Press,Legs,140.0,12,,,,""
2015-04-22,Leg Press,Legs,140.0,12,,,,""
2015-04-22,Leg Press,Legs,140.0,10,,,,""
2015-04-22,Leg Extension Machine,Legs,45.0,12,,,,""
2015-04-22,Leg Extension Machine,Legs,45.0,12,,,,""
2015-04-22,Leg Extension Machine,Legs,45.0,15,,,,""
2015-04-22,Romanian Deadlift,Legs,67.5,15,,,,""
2015-04-22,Romanian Deadlift,Legs,67.5,12,,,,""
2015-04-22,Romanian Deadlift,Legs,67.5,12,,,,""
2015-04-22,Seated Leg Curl Machine,Legs,45.0,12,,,,""
2015-04-22,Seated Leg Curl Machine,Legs,45.0,12,,,,""
2015-04-22,Seated Leg Curl Machine,Legs,45.0,12,,,,""
2015-04-24,Deadlift,Back,140.0,4,,,,""
2015-04-24,Hammer Grip Lat Pulldown,Back,70.0,6,,,,""
2015-04-24,Hammer Grip Lat Pulldown,Back,70.0,5,,,,""
2015-04-24,Hammer Grip Lat Pulldown,Back,70.0,4,,,,""
2015-04-24,Wide Grip Cable Row,Back,55.0,8,,,,""
2015-04-24,Wide Grip Cable Row,Back,55.0,6,,,,""
2015-04-24,Wide Grip Cable Row,Back,55.0,5,,,,""
2015-04-24,Lat Pulldown,Back,50.0,12,,,,""
2015-04-24,Lat Pulldown,Back,50.0,12,,,,""
2015-04-24,Lat Pulldown,Back,50.0,8,,,,""
2015-04-24,Cable Face Pull,Shoulders,15.0,15,,,,""
2015-04-24,Cable Face Pull,Shoulders,15.0,15,,,,""
2015-04-24,Cable Face Pull,Shoulders,15.0,15,,,,""
2015-04-24,Rope Push Down,Triceps,20.0,10,,,,""
2015-04-24,Rope Push Down,Triceps,20.0,10,,,,""
2015-04-24,Rope Push Down,Triceps,20.0,9,,,,""
2015-04-24,Lying Dumbell Skull Crusher,Triceps,8.0,16,,,,""
2015-04-24,Lying Dumbell Skull Crusher,Triceps,8.0,16,,,,""
2015-04-24,Lying Dumbell Skull Crusher,Triceps,8.0,16,,,,""
2015-04-24,Reverse Grip Straight Bar Pushdown,Triceps,20.0,12,,,,""
2015-04-24,Reverse Grip Straight Bar Pushdown,Triceps,20.0,12,,,,""
2015-04-24,Reverse Grip Straight Bar Pushdown,Triceps,20.0,12,,,,""
2015-04-29,Barbell Squat,Legs,100.0,3,,,,""
2015-04-29,Barbell Front Squat,Legs,67.5,6,,,,""
2015-04-29,Barbell Front Squat,Legs,67.5,6,,,,""
2015-04-29,Barbell Front Squat,Legs,67.5,5,,,,""
2015-04-29,Leg Extension Machine,Legs,20.0,8,,,,""
2015-04-29,Leg Extension Machine,Legs,20.0,8,,,,""
2015-04-29,Leg Press,Legs,140.0,16,,,,""
2015-04-29,Leg Press,Legs,140.0,12,,,,""
2015-04-29,Leg Press,Legs,140.0,12,,,,""
2015-04-29,Leg Extension Machine,Legs,45.0,16,,,,""
2015-04-29,Leg Extension Machine,Legs,45.0,16,,,,""
2015-04-29,Leg Extension Machine,Legs,45.0,16,,,,""
2015-04-29,Romanian Deadlift,Legs,70.0,10,,,,""
2015-04-29,Seated Leg Curl Machine,Legs,40.0,16,,,,""
2015-04-29,Seated Leg Curl Machine,Legs,40.0,16,,,,""
2015-04-29,Seated Leg Curl Machine,Legs,40.0,16,,,,""
2015-05-01,Deadlift,Back,140.0,5,,,,""
2015-05-01,Wide Grip Cable Row,Back,55.0,9,,,,""
2015-05-01,Wide Grip Cable Row,Back,55.0,7,,,,""
2015-05-01,Wide Grip Cable Row,Back,55.0,5,,,,""
2015-05-01,Hammer Grip Lat Pulldown,Back,70.0,7,,,,""
2015-05-01,Hammer Grip Lat Pulldown,Back,70.0,5,,,,""
2015-05-01,Hammer Grip Lat Pulldown,Back,70.0,4,,,,""
2015-05-01,Lat Pulldown,Back,55.0,10,,,,""
2015-05-01,Lat Pulldown,Back,55.0,10,,,,""
2015-05-01,Lat Pulldown,Back,55.0,8,,,,""
2015-05-01,Cable Face Pull,Shoulders,15.0,16,,,,""
2015-05-01,Cable Face Pull,Shoulders,15.0,16,,,,""
2015-05-01,Cable Face Pull,Shoulders,15.0,16,,,,""
2015-05-01,Rope Push Down,Triceps,10.0,16,,,,""
2015-05-01,Rope Push Down,Triceps,15.0,12,,,,""
2015-05-01,Rope Push Down,Triceps,15.0,10,,,,""
2015-05-01,Rope Push Down,Triceps,15.0,10,,,,""
2015-05-01,Lying Dumbell Skull Crusher,Triceps,10.0,12,,,,""
2015-05-01,Lying Dumbell Skull Crusher,Triceps,10.0,12,,,,""
2015-05-01,Lying Dumbell Skull Crusher,Triceps,10.0,10,,,,""
2015-05-01,Reverse Grip Straight Bar Pushdown,Triceps,20.0,12,,,,""
2015-05-01,Reverse Grip Straight Bar Pushdown,Triceps,20.0,12,,,,""
2015-05-04,Flat Dumbbell Bench Press,Chest,32.0,3,,,,""
2015-05-04,Incline Barbell Bench Press,Chest,47.5,10,,,,""
2015-05-04,Incline Barbell Bench Press,Chest,47.5,10,,,,""
2015-05-04,Incline Barbell Bench Press,Chest,47.5,8,,,,""
2015-05-04,Flat Barbell Bench Press,Chest,47.5,20,,,,""
2015-05-04,Pec Deck,Chest,35.0,12,,,,""
2015-05-04,Pec Deck,Chest,35.0,10,,,,""
2015-05-04,Pec Deck,Chest,35.0,10,,,,""
2015-05-04,Seated Dumbbell Press,Shoulders,24.0,3,,,,""
2015-05-04,Seated Military Press,Shoulders,37.5,10,,,,""
2015-05-04,Seated Military Press,Shoulders,37.5,7,,,,""
2015-05-04,Seated Military Press,Shoulders,37.5,9,,,,""
2015-05-04,Lateral Dumbbell Raise,Shoulders,8.0,10,,,,""
2015-05-04,Lateral Dumbbell Raise,Shoulders,8.0,10,,,,""
2015-05-04,Lateral Dumbbell Raise,Shoulders,8.0,10,,,,""
2015-05-04,Dumbbell Curl,Biceps,14.0,12,,,,""
2015-05-04,Dumbbell Curl,Biceps,14.0,10,,,,""
2015-05-04,Dumbbell Curl,Biceps,14.0,8,,,,""
2015-05-04,Seated Machine Curl,Biceps,15.0,16,,,,""
2015-05-04,Seated Machine Curl,Biceps,15.0,12,,,,""
2015-05-04,Seated Machine Curl,Biceps,15.0,14,,,,""
2015-05-04,Hammer Rope Curls,Biceps,10.0,14,,,,""
2015-05-04,Hammer Rope Curls,Biceps,10.0,14,,,,""
2015-05-04,Hammer Rope Curls,Biceps,10.0,14,,,,""
2015-05-06,Barbell Squat,Legs,100.0,4,,,,""
2015-05-06,Barbell Front Squat,Legs,67.5,8,,,,""
2015-05-06,Barbell Front Squat,Legs,67.5,5,,,,""
2015-05-06,Barbell Front Squat,Legs,67.5,8,,,,""
2015-05-06,Leg Press,Legs,150.0,10,,,,""
2015-05-06,Leg Press,Legs,150.0,10,,,,""
2015-05-06,Leg Press,Legs,150.0,10,,,,""
2015-05-06,Leg Extension Machine,Legs,50.0,12,,,,""
2015-05-06,Leg Extension Machine,Legs,50.0,12,,,,""
2015-05-06,Leg Extension Machine,Legs,50.0,12,,,,""
2015-05-06,Romanian Deadlift,Legs,72.5,10,,,,""
2015-05-06,Romanian Deadlift,Legs,72.5,10,,,,""
2015-05-06,Romanian Deadlift,Legs,72.5,10,,,,""
2015-05-06,Seated Leg Curl Machine,Legs,45.0,14,,,,""
2015-05-06,Seated Leg Curl Machine,Legs,45.0,12,,,,""
2015-05-06,Seated Leg Curl Machine,Legs,45.0,12,,,,""
2015-05-08,Deadlift,Back,140.0,4,,,,""
2015-05-08,Hammer Grip Lat Pulldown,Back,70.0,8,,,,""
2015-05-08,Hammer Grip Lat Pulldown,Back,70.0,6,,,,""
2015-05-08,Hammer Grip Lat Pulldown,Back,70.0,4,,,,""
2015-05-08,Wide Grip Cable Row,Back,60.0,7,,,,""
2015-05-08,Wide Grip Cable Row,Back,60.0,4,,,,""
2015-05-08,Wide Grip Cable Row,Back,60.0,2,,,,""
2015-05-08,Lat Pulldown,Back,55.0,8,,,,""
2015-05-08,Lat Pulldown,Back,55.0,8,,,,""
2015-05-08,Lat Pulldown,Back,55.0,8,,,,""
2015-05-08,Cable Face Pull,Shoulders,17.5,12,,,,""
2015-05-08,Rope Push Down,Triceps,12.5,20,,,,""
2015-05-08,Rope Push Down,Triceps,12.5,18,,,,""
2015-05-08,Rope Push Down,Triceps,12.5,12,,,,""
2015-05-08,Lying Dumbell Skull Crusher,Triceps,10.0,12,,,,""
2015-05-08,Lying Dumbell Skull Crusher,Triceps,10.0,12,,,,""
2015-05-08,Lying Dumbell Skull Crusher,Triceps,10.0,12,,,,""
2015-05-08,Reverse Grip Straight Bar Pushdown,Triceps,20.0,14,,,,""
2015-05-08,Reverse Grip Straight Bar Pushdown,Triceps,20.0,12,,,,""
2015-05-08,Reverse Grip Straight Bar Pushdown,Triceps,20.0,12,,,,""
2015-05-11,Flat Dumbbell Bench Press,Chest,30.0,6,,,,""
2015-05-11,Incline Barbell Bench Press,Chest,45.0,12,,,,""
2015-05-11,Incline Barbell Bench Press,Chest,45.0,12,,,,""
2015-05-11,Incline Barbell Bench Press,Chest,45.0,10,,,,""
2015-05-11,Flat Barbell Bench Press,Chest,47.5,10,,,,""
2015-05-11,Flat Barbell Bench Press,Chest,47.5,10,,,,""
2015-05-11,Flat Barbell Bench Press,Chest,47.5,10,,,,""
2015-05-11,Pec Deck,Chest,30.0,16,,,,""
2015-05-11,Pec Deck,Chest,30.0,15,,,,""
2015-05-11,Pec Deck,Chest,30.0,15,,,,""
2015-05-11,Seated Dumbbell Press,Shoulders,22.0,4,,,,""
2015-05-11,Seated Military Press,Shoulders,37.5,10,,,,""
2015-05-11,Seated Military Press,Shoulders,37.5,9,,,,""
2015-05-11,Seated Military Press,Shoulders,37.5,9,,,,""
2015-05-11,Lateral Dumbbell Raise,Shoulders,8.0,12,,,,""
2015-05-11,Lateral Dumbbell Raise,Shoulders,8.0,12,,,,""
2015-05-11,Lateral Dumbbell Raise,Shoulders,8.0,12,,,,""
2015-05-11,Dumbbell Curl,Biceps,12.0,12,,,,""
2015-05-11,Dumbbell Curl,Biceps,12.0,10,,,,""
2015-05-11,Dumbbell Curl,Biceps,12.0,10,,,,""
2015-05-11,Seated Machine Curl,Biceps,20.0,12,,,,""
2015-05-11,Seated Machine Curl,Biceps,20.0,12,,,,""
2015-05-11,Seated Machine Curl,Biceps,20.0,12,,,,""
2015-05-11,Hammer Rope Curls,Biceps,12.5,16,,,,""
2015-05-11,Hammer Rope Curls,Biceps,12.5,16,,,,""
2015-05-18,Flat Dumbbell Bench Press,Chest,30.0,6,,,,""
2015-05-18,Incline Barbell Bench Press,Chest,45.0,12,,,,""
2015-05-18,Incline Barbell Bench Press,Chest,45.0,10,,,,""
2015-05-18,Incline Barbell Bench Press,Chest,45.0,8,,,,""
2015-05-18,Flat Barbell Bench Press,Chest,47.5,12,,,,""
2015-05-18,Flat Barbell Bench Press,Chest,47.5,12,,,,""
2015-05-18,Flat Barbell Bench Press,Chest,47.5,10,,,,""
2015-05-18,Pec Deck,Chest,35.0,12,,,,""
2015-05-18,Pec Deck,Chest,35.0,12,,,,""
2015-05-18,Pec Deck,Chest,35.0,12,,,,""
2015-05-18,Seated Dumbbell Press,Shoulders,22.0,6,,,,""
2015-05-18,Seated Military Press,Shoulders,37.5,10,,,,""
2015-05-18,Seated Military Press,Shoulders,37.5,10,,,,""
2015-05-18,Seated Military Press,Shoulders,37.5,9,,,,""
2015-05-18,Lateral Dumbbell Raise,Shoulders,10.0,8,,,,""
2015-05-18,Lateral Dumbbell Raise,Shoulders,10.0,8,,,,""
2015-05-18,Lateral Dumbbell Raise,Shoulders,10.0,8,,,,""
2015-05-18,Dumbbell Curl,Biceps,12.0,12,,,,""
2015-05-18,Dumbbell Curl,Biceps,12.0,12,,,,""
2015-05-18,Dumbbell Curl,Biceps,12.0,10,,,,""
2015-05-18,Seated Machine Curl,Biceps,20.0,8,,,,""
2015-05-18,Seated Machine Curl,Biceps,15.0,8,,,,""
2015-05-18,Seated Machine Curl,Biceps,15.0,8,,,,""
2015-05-20,Barbell Squat,Legs,100.0,5,,,,""
2015-05-20,Barbell Front Squat,Legs,67.5,8,,,,""
2015-05-20,Barbell Front Squat,Legs,67.5,8,,,,""
2015-05-20,Barbell Front Squat,Legs,67.5,4,,,,""
2015-05-20,Leg Press,Legs,150.0,8,,,,""
2015-05-20,Leg Press,Legs,150.0,5,,,,""
2015-05-20,Leg Extension Machine,Legs,50.0,12,,,,""
2015-05-20,Leg Extension Machine,Legs,50.0,12,,,,""
2015-05-20,Leg Extension Machine,Legs,50.0,12,,,,""
2015-05-20,Romanian Deadlift,Legs,52.5,20,,,,""
2015-05-20,Romanian Deadlift,Legs,52.5,20,,,,""
2015-05-20,Romanian Deadlift,Legs,52.5,10,,,,""
2015-05-20,Seated Leg Curl Machine,Legs,45.0,14,,,,""
2015-05-20,Seated Leg Curl Machine,Legs,45.0,14,,,,""
2015-05-20,Seated Leg Curl Machine,Legs,45.0,12,,,,""
2015-05-22,Deadlift,Back,140.0,4,,,,""
2015-05-22,Hammer Grip Lat Pulldown,Back,70.0,9,,,,""
2015-05-22,Hammer Grip Lat Pulldown,Back,70.0,5,,,,""
2015-05-22,Hammer Grip Lat Pulldown,Back,70.0,4,,,,""
2015-05-22,Chest Supported Row Wide Grip,Back,50.0,10,,,,""
2015-05-22,Chest Supported Row Wide Grip,Back,50.0,10,,,,""
2015-05-22,Chest Supported Row Wide Grip,Back,50.0,10,,,,""
2015-05-22,Lat Pulldown,Back,55.0,8,,,,""
2015-05-22,Lat Pulldown,Back,55.0,8,,,,""
2015-05-22,Lat Pulldown,Back,55.0,8,,,,""
2015-05-22,Cable Face Pull,Shoulders,17.5,14,,,,""
2015-05-22,Cable Face Pull,Shoulders,17.5,14,,,,""
2015-05-22,Cable Face Pull,Shoulders,17.5,14,,,,""
2015-05-22,Rope Push Down,Triceps,15.0,12,,,,""
2015-05-22,Rope Push Down,Triceps,15.0,12,,,,""
2015-05-22,Rope Push Down,Triceps,15.0,10,,,,""
2015-05-22,Lying Dumbell Skull Crusher,Triceps,10.0,12,,,,""
2015-05-22,Lying Dumbell Skull Crusher,Triceps,10.0,12,,,,""
2015-05-22,Lying Dumbell Skull Crusher,Triceps,10.0,8,,,,""
2015-05-22,Reverse Grip Straight Bar Pushdown,Triceps,20.0,14,,,,""
2015-05-22,Reverse Grip Straight Bar Pushdown,Triceps,20.0,14,,,,""
2015-05-22,Reverse Grip Straight Bar Pushdown,Triceps,20.0,14,,,,""
2015-05-25,Flat Dumbbell Bench Press,Chest,32.0,5,,,,""
2015-05-25,Incline Dumbbell Bench Press,Chest,16.0,12,,,,""
2015-05-25,Incline Dumbbell Bench Press,Chest,16.0,12,,,,""
2015-05-25,Incline Dumbbell Bench Press,Chest,16.0,12,,,,""
2015-05-25,Flat Barbell Bench Press,Chest,50.0,16,,,,""
2015-05-25,Pec Deck,Chest,35.0,16,,,,""
2015-05-25,Pec Deck,Chest,35.0,16,,,,""
2015-05-25,Pec Deck,Chest,35.0,16,,,,""
2015-05-25,Seated Dumbbell Press,Shoulders,24.0,4,,,,""
2015-05-25,Seated Military Press,Shoulders,37.5,11,,,,""
2015-05-25,Seated Military Press,Shoulders,37.5,9,,,,""
2015-05-25,Seated Military Press,Shoulders,37.5,7,,,,""
2015-05-27,Barbell Squat,Legs,100.0,2,,,,""
2015-05-27,Barbell Squat,Legs,80.0,6,,,,""
2015-05-27,Barbell Squat,Legs,80.0,6,,,,""
2015-05-27,Barbell Squat,Legs,80.0,6,,,,""
2015-05-27,Barbell Front Squat,Legs,40.0,12,,,,""
2015-05-27,Barbell Front Squat,Legs,40.0,8,,,,""
2015-05-27,Barbell Front Squat,Legs,40.0,10,,,,""
2015-05-27,Leg Press,Legs,120.0,18,,,,""
2015-05-27,Leg Press,Legs,120.0,16,,,,""
2015-05-27,Leg Press,Legs,120.0,12,,,,""
2015-05-27,Leg Extension Machine,Legs,50.0,14,,,,""
2015-05-27,Leg Extension Machine,Legs,50.0,14,,,,""
2015-05-27,Leg Extension Machine,Legs,50.0,14,,,,""
2015-05-27,Romanian Deadlift,Legs,47.5,20,,,,""
2015-05-27,Romanian Deadlift,Legs,47.5,22,,,,""
2015-05-27,Romanian Deadlift,Legs,47.5,20,,,,""
2015-05-27,Seated Leg Curl Machine,Legs,45.0,16,,,,""
2015-05-27,Seated Leg Curl Machine,Legs,45.0,14,,,,""
2015-05-27,Seated Leg Curl Machine,Legs,45.0,12,,,,""
2015-05-29,Deadlift,Back,140.0,4,,,,""
2015-05-29,Seated Cable Row,Back,40.0,12,,,,""
2015-05-29,Seated Cable Row,Back,40.0,12,,,,""
2015-05-29,Seated Cable Row,Back,40.0,12,,,,""
2015-05-29,Lat Pulldown,Back,50.0,15,,,,""
2015-05-29,Lat Pulldown,Back,50.0,12,,,,""
2015-05-29,Lat Pulldown,Back,50.0,12,,,,""
2015-05-29,Rope Push Down,Triceps,15.0,15,,,,""
2015-05-29,Rope Push Down,Triceps,15.0,13,,,,""
2015-05-29,Rope Push Down,Triceps,15.0,10,,,,""
2015-05-29,Lying Dumbell Skull Crusher,Triceps,10.0,14,,,,""
2015-05-29,Lying Dumbell Skull Crusher,Triceps,10.0,12,,,,""
2015-05-29,Lying Dumbell Skull Crusher,Triceps,10.0,12,,,,""
2015-05-29,Reverse Grip Straight Bar Pushdown,Triceps,20.0,16,,,,""
2015-05-29,Reverse Grip Straight Bar Pushdown,Triceps,20.0,16,,,,""
2015-05-29,Reverse Grip Straight Bar Pushdown,Triceps,20.0,16,,,,""
2015-06-01,Flat Dumbbell Bench Press,Chest,32.0,4,,,,""
2015-06-01,Flat Dumbbell Bench Press,Chest,32.0,3,,,,""
2015-06-01,Incline Barbell Bench Press,Chest,45.0,14,,,,""
2015-06-01,Incline Barbell Bench Press,Chest,45.0,12,,,,""
2015-06-01,Incline Barbell Bench Press,Chest,45.0,8,,,,""
2015-06-01,Incline Dumbbell Bench Press,Chest,8.0,16,,,,""
2015-06-01,Incline Dumbbell Bench Press,Chest,8.0,16,,,,""
2015-06-01,Seated Dumbbell Press,Shoulders,24.0,4,,,,""
2015-06-01,Seated Military Press,Shoulders,37.5,6,,,,""
2015-06-01,EZ-Bar Preacher Curl,Biceps,5.0,12,,,,""
2015-06-01,EZ-Bar Preacher Curl,Biceps,5.0,12,,,,""
2015-06-01,EZ-Bar Preacher Curl,Biceps,5.0,12,,,,""
2015-06-01,Seated Military Press,Shoulders,22.5,10,,,,""
2015-06-01,Seated Military Press,Shoulders,22.5,12,,,,""
2015-06-01,Seated Military Press,Shoulders,22.5,12,,,,""
2015-06-01,Hammer Rope Curls,Biceps,15.0,12,,,,""
2015-06-01,Hammer Rope Curls,Biceps,15.0,12,,,,""
2015-06-03,Barbell Squat,Legs,100.0,4,,,,""
2015-06-03,Barbell Squat,Legs,80.0,6,,,,""
2015-06-03,Barbell Squat,Legs,80.0,6,,,,""
2015-06-03,Barbell Squat,Legs,80.0,6,,,,""
2015-06-03,Barbell Front Squat,Legs,60.0,6,,,,""
2015-06-03,Barbell Front Squat,Legs,60.0,6,,,,""
2015-06-03,Barbell Front Squat,Legs,60.0,6,,,,""
2015-06-03,Leg Press,Legs,120.0,16,,,,""
2015-06-03,Leg Press,Legs,120.0,16,,,,""
2015-06-03,Leg Press,Legs,120.0,10,,,,""
2015-06-03,Leg Extension Machine,Legs,55.0,10,,,,""
2015-06-03,Leg Extension Machine,Legs,55.0,10,,,,""
2015-06-03,Leg Extension Machine,Legs,55.0,10,,,,""
2015-06-03,Glute-Ham Raise,Legs,0.0,12,,,,""
2015-06-03,Glute-Ham Raise,Legs,0.0,12,,,,""
2015-06-03,Seated Leg Curl Machine,Legs,45.0,16,,,,""
2015-06-03,Seated Leg Curl Machine,Legs,45.0,16,,,,""
2015-06-03,Seated Leg Curl Machine,Legs,45.0,14,,,,""
2015-06-05,Deadlift,Back,140.0,3,,,,""
2015-06-05,Deadlift,Back,130.0,3,,,,""
2015-06-05,Hammer Grip Lat Pulldown,Back,70.0,8,,,,""
2015-06-05,Hammer Grip Lat Pulldown,Back,70.0,6,,,,""
2015-06-05,Hammer Grip Lat Pulldown,Back,70.0,6,,,,""
2015-06-05,Chest Supported Row Wide Grip,Back,50.0,12,,,,""
2015-06-05,Chest Supported Row Wide Grip,Back,50.0,10,,,,""
2015-06-05,Chest Supported Row Wide Grip,Back,50.0,10,,,,""
2015-06-05,Negative Pull Up,Back,0.0,10,,,,""
2015-06-05,Negative Pull Up,Back,0.0,10,,,,""
2015-06-05,Negative Pull Up,Back,0.0,10,,,,""
2015-06-05,Cable Face Pull,Shoulders,17.5,16,,,,""
2015-06-05,Cable Face Pull,Shoulders,17.5,16,,,,""
2015-06-05,Cable Face Pull,Shoulders,17.5,15,,,,""
2015-06-05,Rope Push Down,Triceps,15.0,16,,,,""
2015-06-05,Rope Push Down,Triceps,15.0,15,,,,""
2015-06-05,Rope Push Down,Triceps,15.0,13,,,,""
2015-06-05,Lying Dumbell Skull Crusher,Triceps,12.0,10,,,,""
2015-06-05,Lying Dumbell Skull Crusher,Triceps,12.0,8,,,,""
2015-06-05,Lying Dumbell Skull Crusher,Triceps,12.0,8,,,,""
2015-06-05,Reverse Grip Straight Bar Pushdown,Triceps,25.0,8,,,,""
2015-06-05,Reverse Grip Straight Bar Pushdown,Triceps,25.0,8,,,,""
2015-06-05,Reverse Grip Straight Bar Pushdown,Triceps,25.0,8,,,,""
2015-06-08,Flat Dumbbell Bench Press,Chest,32.0,5,,,,""
2015-06-08,Flat Dumbbell Bench Press,Chest,24.0,8,,,,""
2015-06-08,Flat Dumbbell Bench Press,Chest,24.0,8,,,,""
2015-06-08,Flat Dumbbell Bench Press,Chest,24.0,8,,,,""
2015-06-08,Incline Barbell Bench Press,Chest,45.0,12,,,,""
2015-06-08,Incline Barbell Bench Press,Chest,45.0,12,,,,""
2015-06-08,Incline Barbell Bench Press,Chest,45.0,10,,,,""
2015-06-08,Incline Dumbbell Bench Press,Chest,10.0,20,,,,""
2015-06-08,Flat Barbell Bench Press,Chest,50.0,12,,,,""
2015-06-08,Pec Deck,Chest,40.0,12,,,,""
2015-06-08,Pec Deck,Chest,40.0,12,,,,""
2015-06-08,Pec Deck,Chest,40.0,8,,,,""
2015-06-08,Seated Dumbbell Press,Shoulders,24.0,4,,,,""
2015-06-08,Seated Military Press,Shoulders,40.0,7,,,,""
2015-06-08,Seated Military Press,Shoulders,30.0,10,,,,""
2015-06-08,Seated Military Press,Shoulders,30.0,9,,,,""
2015-06-08,Seated Military Press,Shoulders,30.0,9,,,,""
2015-06-08,Dumbbell Curl,Biceps,10.0,16,,,,""
2015-06-08,Dumbbell Curl,Biceps,10.0,12,,,,""
2015-06-08,Dumbbell Curl,Biceps,10.0,8,,,,""
2015-06-08,Seated Machine Curl,Biceps,20.0,10,,,,""
2015-06-08,Seated Machine Curl,Biceps,20.0,10,,,,""
2015-06-08,Seated Machine Curl,Biceps,20.0,10,,,,""
2015-06-08,Hammer Rope Curls,Biceps,15.0,15,,,,""
2015-06-08,Hammer Rope Curls,Biceps,15.0,15,,,,""
2015-06-08,Hammer Rope Curls,Biceps,15.0,15,,,,""
2015-06-10,Barbell Squat,Legs,85.0,8,,,,""
2015-06-10,Barbell Squat,Legs,85.0,8,,,,""
2015-06-10,Barbell Squat,Legs,85.0,6,,,,""
2015-06-10,Barbell Front Squat,Legs,60.0,8,,,,""
2015-06-10,Barbell Front Squat,Legs,60.0,8,,,,""
2015-06-10,Barbell Front Squat,Legs,60.0,6,,,,""
2015-06-10,Leg Press,Legs,120.0,16,,,,""
2015-06-10,Leg Press,Legs,120.0,16,,,,""
2015-06-10,Leg Press,Legs,120.0,16,,,,""
2015-06-10,Leg Extension Machine,Legs,55.0,12,,,,""
2015-06-10,Leg Extension Machine,Legs,55.0,12,,,,""
2015-06-10,Leg Extension Machine,Legs,55.0,12,,,,""
2015-06-10,Glute-Ham Raise,Legs,0.0,16,,,,""
2015-06-10,Glute-Ham Raise,Legs,0.0,16,,,,""
2015-06-10,Glute-Ham Raise,Legs,0.0,16,,,,""
2015-06-10,Seated Leg Curl Machine,Legs,50.0,12,,,,""
2015-06-10,Seated Leg Curl Machine,Legs,50.0,10,,,,""
2015-06-10,Seated Leg Curl Machine,Legs,50.0,8,,,,""
2015-06-17,Barbell Squat,Legs,100.0,5,,,,""
2015-06-17,Barbell Squat,Legs,100.0,2,,,,""
2015-06-17,Barbell Front Squat,Legs,60.0,8,,,,""
2015-06-17,Barbell Front Squat,Legs,60.0,8,,,,""
2015-06-17,Barbell Front Squat,Legs,60.0,8,,,,""
2015-06-17,Leg Press,Legs,130.0,14,,,,""
2015-06-17,Leg Press,Legs,130.0,12,,,,""
2015-06-17,Leg Press,Legs,130.0,8,,,,""
2015-06-17,Leg Extension Machine,Legs,55.0,12,,,,""
2015-06-17,Leg Extension Machine,Legs,55.0,12,,,,""
2015-06-17,Leg Extension Machine,Legs,55.0,12,,,,""
2015-06-17,Glute-Ham Raise,Legs,0.0,16,,,,""
2015-06-17,Glute-Ham Raise,Legs,0.0,16,,,,""
2015-06-17,Glute-Ham Raise,Legs,0.0,16,,,,""
2015-06-17,Seated Leg Curl Machine,Legs,50.0,12,,,,""
2015-06-17,Seated Leg Curl Machine,Legs,50.0,12,,,,""
2015-06-17,Seated Leg Curl Machine,Legs,50.0,12,,,,""
2015-06-19,Deadlift,Back,140.0,3,,,,""
2015-06-19,Deadlift,Back,140.0,2,,,,""
2015-06-19,Hammer Grip Lat Pulldown,Back,75.0,6,,,,""
2015-06-19,Hammer Grip Lat Pulldown,Back,75.0,5,,,,""
2015-06-19,Hammer Grip Lat Pulldown,Back,75.0,4,,,,""
2015-06-19,Wide Grip Cable Row,Back,40.0,12,,,,""
2015-06-19,Wide Grip Cable Row,Back,40.0,12,,,,""
2015-06-19,Wide Grip Cable Row,Back,40.0,12,,,,""
2015-06-19,Lat Pulldown,Back,50.0,10,,,,""
2015-06-19,Lat Pulldown,Back,50.0,10,,,,""
2015-06-19,Lat Pulldown,Back,50.0,8,,,,""
2015-06-19,Cable Face Pull,Shoulders,20.0,12,,,,""
2015-06-19,Cable Face Pull,Shoulders,20.0,14,,,,""
2015-06-19,Cable Face Pull,Shoulders,20.0,15,,,,""
2015-06-24,Barbell Squat,Legs,85.0,8,,,,""
2015-06-24,Barbell Squat,Legs,85.0,7,,,,""
2015-06-24,Barbell Squat,Legs,85.0,6,,,,""
2015-06-24,Barbell Front Squat,Legs,65.0,5,,,,""
2015-06-24,Barbell Front Squat,Legs,40.0,12,,,,""
2015-06-24,Barbell Front Squat,Legs,40.0,12,,,,""
2015-06-24,Barbell Front Squat,Legs,40.0,12,,,,""
2015-06-24,Leg Press,Legs,120.0,12,,,,""
2015-06-24,Leg Press,Legs,120.0,8,,,,""
2015-06-24,Leg Extension Machine,Legs,55.0,12,,,,""
2015-06-24,Leg Extension Machine,Legs,55.0,12,,,,""
2015-06-24,Leg Extension Machine,Legs,55.0,12,,,,""
2015-06-24,Glute-Ham Raise,Legs,10.0,12,,,,""
2015-06-24,Glute-Ham Raise,Legs,10.0,12,,,,""
2015-06-24,Glute-Ham Raise,Legs,10.0,12,,,,""
2015-06-24,Seated Leg Curl Machine,Legs,50.0,16,,,,""
2015-06-24,Seated Leg Curl Machine,Legs,50.0,12,,,,""
2015-06-24,Seated Leg Curl Machine,Legs,50.0,12,,,,""
2015-06-26,Deadlift,Back,140.0,3,,,,""
2015-06-26,Deadlift,Back,140.0,3,,,,""
2015-06-26,Hammer Grip Lat Pulldown,Back,75.0,7,,,,""
2015-06-26,Hammer Grip Lat Pulldown,Back,75.0,5,,,,""
2015-06-26,Hammer Grip Lat Pulldown,Back,75.0,4,,,,""
2015-06-26,Wide Grip Cable Row,Back,45.0,10,,,,""
2015-06-26,Wide Grip Cable Row,Back,45.0,9,,,,""
2015-06-26,Wide Grip Cable Row,Back,45.0,8,,,,""
2015-06-26,Pull Up,Back,0.0,4,,,,""
2015-06-26,Pull Up,Back,0.0,4,,,,""
2015-06-26,Pull Up,Back,0.0,3,,,,""
2015-06-26,Cable Face Pull,Shoulders,20.0,14,,,,""
2015-06-26,Cable Face Pull,Shoulders,20.0,14,,,,""
2015-06-26,Cable Face Pull,Shoulders,20.0,14,,,,""
2015-06-26,Rope Push Down,Triceps,17.5,12,,,,""
2015-06-26,Rope Push Down,Triceps,17.5,12,,,,""
2015-06-26,Rope Push Down,Triceps,17.5,12,,,,""
2015-06-26,EZ-Bar Skullcrusher,Triceps,2.5,16,,,,""
2015-06-26,EZ-Bar Skullcrusher,Triceps,2.5,12,,,,""
2015-06-26,EZ-Bar Skullcrusher,Triceps,2.5,12,,,,""
2015-06-26,Reverse Grip Straight Bar Pushdown,Triceps,25.0,8,,,,""
2015-06-26,Reverse Grip Straight Bar Pushdown,Triceps,25.0,8,,,,""
2015-06-26,Reverse Grip Straight Bar Pushdown,Triceps,25.0,8,,,,""
2015-06-29,Flat Dumbbell Bench Press,Chest,32.0,5,,,,""
2015-06-29,Incline Barbell Bench Press,Chest,45.0,13,,,,""
2015-06-29,Incline Barbell Bench Press,Chest,45.0,13,,,,""
2015-06-29,Incline Barbell Bench Press,Chest,45.0,10,,,,""
2015-06-29,Flat Barbell Bench Press,Chest,50.0,12,,,,""
2015-06-29,Pec Deck,Chest,40.0,14,,,,""
2015-06-29,Pec Deck,Chest,40.0,10,,,,""
2015-06-29,Pec Deck,Chest,40.0,9,,,,""
2015-06-29,Seated Dumbbell Press,Shoulders,24.0,5,,,,""
2015-06-29,Seated Military Press,Shoulders,30.0,9,,,,""
2015-06-29,Seated Military Press,Shoulders,30.0,4,,,,""
2015-06-29,Seated Military Press,Shoulders,30.0,6,,,,""
2015-06-29,Lateral Dumbbell Raise,Shoulders,8.0,10,,,,""
2015-06-29,Lateral Dumbbell Raise,Shoulders,8.0,10,,,,""
2015-06-29,Lateral Dumbbell Raise,Shoulders,8.0,10,,,,""
2015-06-29,Dumbbell Curl,Biceps,10.0,16,,,,""
2015-06-29,Dumbbell Curl,Biceps,10.0,14,,,,""
2015-06-29,Dumbbell Curl,Biceps,10.0,11,,,,""
2015-06-29,Seated Machine Curl,Biceps,20.0,12,,,,""
2015-06-29,Seated Machine Curl,Biceps,20.0,12,,,,""
2015-06-29,Seated Machine Curl,Biceps,20.0,12,,,,""